{
    "dog_skins" : [
        {
            "skin_name" : "MissingNo",
            "skin_id" : "missing_no",
            "use_model" : "default"
        },
        {
            "skin_name" : "DTTex Shiba Inu #1",
            "skin_id" : "dttex_shiba_inu_1",
            "use_model" : "default",
            "author" : "SilverstarShiro"
        },
        {
            "skin_name" : "DTTex Shiba Inu #2",
            "skin_id" : "dttex_shiba_inu_2",
            "use_model" : "default",
            "author" : "SilverstarShiro"
        },
        {
            "skin_name" : "DTTex Shiba Inu #3",
            "skin_id" : "dttex_shiba_inu_3",
            "use_model" : "default",
            "author" : "SilverstarShiro"
        },
        {
            "skin_name" : "DTTex Shiba Inu #4",
            "skin_id" : "dttex_shiba_inu_4",
            "use_model" : "default",
            "author" : "SilverstarShiro"
        },
        {
            "skin_name" : "DTTex Sheltie Brown",
            "skin_id" : "dttex_sheltie_1",
            "use_model" : "variant",
            "ear_id" : 1,
            "tail_id" : 0,
            "author" : "SilverstarShiro"
        },
        {
            "skin_name" : "DTTex Sheltie Grey",
            "skin_id" : "dttex_sheltie_2",
            "use_model" : "variant",
            "ear_id" : 1,
            "tail_id" : 0,
            "author" : "SilverstarShiro"
        },
        {
            "skin_name" : "DTTex Dalmation #1",
            "skin_id" : "dttex_dalmation_1",
            "use_model" : "variant",
            "ear_id" : 1,
            "tail_id" : 0,
            "author" : "SilverstarShiro"
        },
        {
            "skin_name" : "DTTex Dalmation #2",
            "skin_id" : "dttex_dalmation_2",
            "use_model" : "variant",
            "ear_id" : 1,
            "tail_id" : 0,
            "author" : "SilverstarShiro"
        },
        {
            "skin_name" : "DTTex Beagle",
            "skin_id" : "dttex_beagle_1",
            "use_model" : "variant",
            "ear_id" : 1,
            "tail_id" : 0,
            "author" : "SilverstarShiro, Unknown"
        },
        {
            "skin_name" : "DTTex Collie #1",
            "skin_id" : "dttex_collie_1",
            "use_model" : "variant",
            "ear_id" : 2,
            "tail_id" : 0,
            "author" : "SilverstarShiro, Unknown"
        },
        {
            "skin_name" : "DTTex Collie #2",
            "skin_id" : "dttex_collie_2",
            "use_model" : "variant",
            "ear_id" : 1,
            "tail_id" : 0,
            "author" : "SilverstarShiro, Unknown"
        },
        {
            "skin_name" : "DTTex Husky #1",
            "skin_id" : "dttex_husky_1",
            "use_model" : "default",
            "author" : "SilverstarShiro, Unknown"
        },
        {
            "skin_name" : "DTTex Husky #2",
            "skin_id" : "dttex_husky_2",
            "use_model" : "default",
            "author" : "SilverstarShiro, Unknown"
        },
        {
            "skin_name" : "DTTex Husky #3",
            "skin_id" : "dttex_husky_3",
            "use_model" : "default",
            "author" : "SilverstarShiro, Unknown"
        },
        {
            "skin_name" : "DTTex Husky #4",
            "skin_id" : "dttex_husky_4",
            "use_model" : "default",
            "author" : "Unknown"
        },
        {
            "skin_name" : "DTTex Husky #5",
            "skin_id" : "dttex_husky_5",
            "use_model" : "default",
            "author" : "SilverstarShiro"
        },
        {
            "skin_name" : "DTTex Rottweiler",
            "skin_id" : "dttex_rottweiler_1",
            "use_model" : "default",
            "author" : "Unknown"
        },
        {
            "skin_name" : "DTTex Rottweiler (Short Tail)",
            "skin_id" : "dttex_rottweiler_2",
            "use_model" : "variant",
            "ear_id" : 0,
            "tail_id" : 1,
            "author" : "SilverstarShiro, Unknown"
        },
        {
            "skin_name" : "DTTex Dog #1",
            "skin_id" : "dttex_dog_1",
            "use_model" : "default",
            "author" : "Unknown"
        },
        {
            "skin_name" : "DTTex Dog #2",
            "skin_id" : "dttex_dog_2",
            "use_model" : "default",
            "author" : "Unknown"
        },
        {
            "skin_name" : "DTTex Dog #3",
            "skin_id" : "dttex_dog_3",
            "use_model" : "default",
            "author" : "SilverstarShiro, Unknown"
        },
        {
            "skin_name" : "DTTex Dog #4",
            "skin_id" : "dttex_dog_4",
            "use_model" : "default",
            "author" : "Unknown"
        },
        {
            "skin_name" : "DTTex Dingo",
            "skin_id" : "dttex_dingo_1",
            "use_model" : "default",
            "author" : "Unknown"
        },
        {
            "skin_name" : "DTTex Fox #1",
            "skin_id" : "dttex_fox_1",
            "use_model" : "variant",
            "ear_id" : 0,
            "tail_id" : 2,
            "author" : "SilverstarShiro"
        },
        {
            "skin_name" : "DTTex Fox #2",
            "skin_id" : "dttex_fox_2",
            "use_model" : "variant",
            "ear_id" : 0,
            "tail_id" : 2,
            "author" : "SilverstarShiro"
        },
        {
            "skin_name" : "DTTex Fox #3",
            "skin_id" : "dttex_fox_3",
            "use_model" : "variant",
            "ear_id" : 0,
            "tail_id" : 2,
            "author" : "SilverstarShiro"
        },
        {
            "skin_name" : "DTTex Wolf #1",
            "skin_id" : "dttex_wolf_1",
            "use_model" : "default",
            "author" : "Unknown"
        },
        {
            "skin_name" : "DTTex Wolf #2",
            "skin_id" : "dttex_wolf_2",
            "use_model" : "default",
            "author" : "SilverstarShiro"
        },
        {
            "skin_name" : "DTTex Wolf #3",
            "skin_id" : "dttex_wolf_3",
            "use_model" : "default",
            "author" : "SilverstarShiro"
        },
        {
            "skin_name" : "DTTex Wolf #4",
            "skin_id" : "dttex_wolf_4",
            "use_model" : "default",
            "author" : "SilverstarShiro"
        },
        {
            "skin_name" : "DTTex Wolf #5",
            "skin_id" : "dttex_wolf_5",
            "use_model" : "default",
            "author" : "SilverstarShiro"
        },
        {
            "skin_name" : "DTTex Wolf #6",
            "skin_id" : "dttex_wolf_6",
            "use_model" : "default",
            "author" : "SilverstarShiro, Unknown"
        },
        {
            "skin_name" : "DTTex Wolf #7",
            "skin_id" : "dttex_wolf_7",
            "use_model" : "default",
            "author" : "SilverstarShiro"
        },
        {
            "skin_name" : "DTTex Wolf #8",
            "skin_id" : "dttex_wolf_8",
            "use_model" : "default",
            "author" : "SilverstarShiro, Unknown"
        },
        {
            "skin_name" : "DTTex Wolf #9",
            "skin_id" : "dttex_wolf_9",
            "use_model" : "default",
            "author" : "Unknown"
        },
        {
            "skin_name" : "DTTex Wolf #10",
            "skin_id" : "dttex_wolf_10",
            "use_model" : "default",
            "author" : "Unknown"
        },
        {
            "skin_name" : "DTTex Wolf #11",
            "skin_id" : "dttex_wolf_11",
            "use_model" : "default",
            "author" : "Unknown"
        },
        {
            "skin_name" : "DTTex Wolf #12",
            "skin_id" : "dttex_wolf_12",
            "use_model" : "default",
            "author" : "SilverstarShiro"
        },
        {
            "skin_name" : "DTTex Wolf #13",
            "skin_id" : "dttex_wolf_13",
            "use_model" : "default",
            "author" : "Unknown"
        },
        {
            "skin_name" : "DTTex Wolf #14",
            "skin_id" : "dttex_wolf_14",
            "use_model" : "default",
            "author" : "SilverstarShiro"
        },
        {
            "skin_name" : "DTTex Wolf #15",
            "skin_id" : "dttex_wolf_15",
            "use_model" : "default",
            "author" : "SilverstarShiro"
        },
        {
            "skin_name" : "DTTex Wolf #16",
            "skin_id" : "dttex_wolf_16",
            "use_model" : "default",
            "author" : "SilverstarShiro"
        },
        {
            "skin_name" : "DTTex Wolf #17",
            "skin_id" : "dttex_wolf_17",
            "use_model" : "default",
            "author" : "SilverstarShiro"
        },
        {
            "skin_name" : "DTTex Wolf #18",
            "skin_id" : "dttex_wolf_18",
            "use_model" : "default",
            "author" : "SilverstarShiro"
        },
        {
            "skin_name" : "DTTex Bone #1",
            "skin_id" : "dttex_bone_1",
            "use_model" : "default",
            "author" : "Gravestone Mod 1.7.10"
        },
        {
            "skin_name" : "DTTex Bone #2",
            "skin_id" : "dttex_bone_2",
            "use_model" : "default",
            "author" : "SilverstarShiro"
        },
        {
            "skin_name" : "DTTex Robot",
            "skin_id" : "dttex_robo_1",
            "use_model" : "default",
            "author" : "Unknown"
        },
        {
            "skin_name" : "DTTex Amaterasu (Ookami)",
            "skin_id" : "dttex_amaterasu_1",
            "use_model" : "default",
            "based_on" : "(Okami) Amaterasu from Okami(2006) by Clover Studio",
            "author" : "SilverstarShiro"
        },
        {
            "skin_name" : "DTTex Amaterasu (Ookami)",
            "skin_id" : "dttex_amaterasu_2",
            "use_model" : "default",
            "based_on" : "(Okami) Amaterasu - Dark Skin from Okami(2006) by Clover Studio",
            "author" : "SilverstarShiro"
        },
        {
            "skin_name" : "DTTex Arcanine",
            "skin_id" : "dttex_pokemon_1",
            "use_model" : "default",
            "based_on" : "Not so accurate Arcanine from Pokemon Gen 1",
            "author" : "SilverstarShiro"
        },
        {
            "skin_name" : "DTTex Arcanine (Halloween)",
            "skin_id" : "dttex_pokemon_2",
            "use_model" : "default",
            "author" : "SilverstarShiro"
        },
        {
            "skin_name" : "DTTex Arcanine 2",
            "skin_id" : "dttex_pokemon_3",
            "use_model" : "default",
            "based_on" : "Accurate Arcanine from Pokemon Gen 1",
            "author" : "SilverstarShiro"
        },
        {
            "skin_name" : "DTTex Arcanine 2(Halloween)",
            "skin_id" : "dttex_pokemon_4",
            "use_model" : "default",
            "author" : "SilverstarShiro"
        },
        {
            "skin_name" : "Blackie (Arcanine)",
            "skin_id" : "dttex_arcanine_bw",
            "use_model" : "arcanine",
            "based_on" : "Recolor of Arcanine from Pokemon Gen 1",
            "author" : "MashXP, DashieDev, SilverstarShiro"
        }        
    ]
}