{
  "type": "create:compacting",
  "heatRequirement": "superheated",
  "ingredients": [
	  {
		"item": "minecraft:nether_bricks"
	  },
	  {
		"item": "minecraft:nether_bricks"
	  },
	  {
		"item": "minecraft:nether_bricks"
	  },
	  {
		"item": "minecraft:nether_bricks"
	  },
	  {
		"item": "minecraft:nether_bricks"
	  },
	  {
		"item": "minecraft:nether_bricks"
	  },
	  {
		"item": "minecraft:nether_bricks"
	  },
	  {
		"item": "minecraft:nether_bricks"
	  },
    {
      "amount": 100,
      "fluid": "minecraft:lava",
      "nbt": {}
    }
  ],
  "results": [{
    "item": "minecraft:netherite_scrap",
    "count": 1,
	"chance": 0.33
  }]
}