
{
	"variants" : {
		"doggytalents:textures/entity/dog/custom/classical/wolf.png" : "sprite:doggytalents/dog/classical1.png",
		"doggytalents:textures/entity/dog/custom/akita_inu.png" : "sprite:doggytalents/dog/akita_inu.png",
		"doggytalents:textures/entity/dog/custom/okami_amaterasu.png" : "sprite:doggytalents/dog/okami.png",
		"doggytalents:textures/entity/dog/custom/kusa_hayabusa.png" : "sprite:doggytalents/dog/kusa_hayabusa.png",
		"doggytalents:textures/entity/dog/custom/kusa_chi.png" : "sprite:doggytalents/dog/kusa_chi.png",
		"doggytalents:textures/entity/dog/custom/kusa_ko.png" : "sprite:doggytalents/dog/kusa_ko.png",
		"doggytalents:textures/entity/dog/custom/kusa_rei.png" : "sprite:doggytalents/dog/kusa_rei.png",
		"doggytalents:textures/entity/dog/custom/kusa_shin.png" : "sprite:doggytalents/dog/kusa_shin.png",
		"doggytalents:textures/entity/dog/custom/kusa_take.png" : "sprite:doggytalents/dog/kusa_take.png",
		"doggytalents:textures/entity/dog/custom/kusa_tei.png" : "sprite:doggytalents/dog/kusa_tei.png",
		"doggytalents:textures/entity/dog/custom/kusa_ume.png" : "sprite:doggytalents/dog/kusa_ume.png",
		"doggytalents:textures/entity/dog/custom/arcanine_shiro.png" : "sprite:doggytalents/dog/arcanine.png",
		"doggytalents:textures/entity/dog/custom/iwanko.png" : "sprite:doggytalents/dog/iwanko.png",
		"doggytalents:textures/entity/dog/custom/cheems.png" : "sprite:doggytalents/dog/cheems.png",
		"doggytalents:textures/entity/dog/custom/grey_wolf.png" : "sprite:doggytalents/dog/grey_wolf.png",
		"doggytalents:textures/entity/dog/custom/wolf_var1.png" : "sprite:doggytalents/dog/classical2.png",
		"doggytalents:textures/entity/dog/custom/legoshi.png" : "sprite:doggytalents/dog/legoshi.png",
		"doggytalents:textures/entity/dog/custom/jack.png" : "sprite:doggytalents/dog/jack.png",
		"doggytalents:textures/entity/dog/custom/juno.png" : "sprite:doggytalents/dog/juno.png",
		"doggytalents:textures/entity/dog/custom/st_bernard.png" : "sprite:doggytalents/dog/st_bernard.png",
		"doggytalents:textures/entity/dog/custom/german_shepherd.png" : "sprite:doggytalents/dog/german_shepherd.png",
		"doggytalents:textures/entity/dog/custom/german_shepherd_2.png" : "sprite:doggytalents/dog/german_shepherd2.png",
		"doggytalents:textures/entity/dog/custom/pochita.png" : "sprite:doggytalents/dog/pochita.png",
		"doggytalents:textures/entity/dog/custom/dachshund.png" : "sprite:doggytalents/dog/dachshund.png",
		"doggytalents:textures/entity/dog/custom/dachshund2.png" : "sprite:doggytalents/dog/dachshund2.png",
		"doggytalents:textures/entity/dog/custom/pug.png" : "sprite:doggytalents/dog/pug.png",
		"doggytalents:textures/entity/dog/custom/pug2.png" : "sprite:doggytalents/dog/pug2.png",
		"doggytalents:textures/entity/dog/custom/borzoi.png" : "sprite:doggytalents/dog/borzoi.png",
		"doggytalents:textures/entity/dog/custom/borzoi_long.png" : "sprite:doggytalents/dog/borzoi.png",
		"doggytalents:textures/entity/dog/custom/english_bulldog.png" : "sprite:doggytalents/dog/english_bulldog.png",
		"doggytalents:textures/entity/dog/custom/rottweiler.png" : "sprite:doggytalents/dog/rottweiler.png",
		"doggytalents:textures/entity/dog/custom/border_collie.png" : "sprite:doggytalents/dog/border_collie.png",
		"doggytalents:textures/entity/dog/custom/siberian_husky.png" : "sprite:doggytalents/dog/siberian_husky.png",
		"doggytalents:textures/entity/dog/custom/fox.png" : "sprite:doggytalents/dog/fox.png",
		"doggytalents:textures/entity/dog/custom/arctic_dog.png" : "sprite:doggytalents/dog/arctic_dog.png",
		"doggytalents:textures/entity/dog/custom/lucario.png" : "sprite:doggytalents/dog/lucario.png",
		"doggytalents:textures/entity/dog/custom/death.png" : "sprite:doggytalents/dog/death.png",
		"doggytalents:textures/entity/dog/custom/racoon.png" : "sprite:doggytalents/dog/racoon.png",
		"doggytalents:textures/entity/dog/custom/noname_1.png" : "sprite:doggytalents/dog/noname1.png",
		"doggytalents:textures/entity/dog/custom/noname_2.png" : "sprite:doggytalents/dog/noname2.png",
		"doggytalents:textures/entity/dog/custom/noname_3.png" : "sprite:doggytalents/dog/noname3.png",
		"doggytalents:textures/entity/dog/custom/noname_4.png" : "sprite:doggytalents/dog/noname4.png",
		"doggytalents:textures/entity/dog/custom/noname_5.png" : "sprite:doggytalents/dog/noname5.png",
		"doggytalents:textures/entity/dog/custom/noname_6.png" : "sprite:doggytalents/dog/noname6.png",
		"doggytalents:textures/entity/dog/custom/noname_7.png" : "sprite:doggytalents/dog/noname7.png",
		"doggytalents:textures/entity/dog/custom/noname_8.png" : "sprite:doggytalents/dog/noname8.png",
		"doggytalents:textures/entity/dog/custom/wolf_var2.png" : "sprite:doggytalents/dog/classical3.png",
		"doggytalents:textures/entity/dog/custom/missing_no.png" : "sprite:doggytalents/dog/missingno.png",

		"doggytalents:textures/entity/dog/custom/dttex_shiba_inu_1.png" : "sprite:doggytalents/dog/dtt_shiba1.png",
		"doggytalents:textures/entity/dog/custom/dttex_shiba_inu_2.png" : "sprite:doggytalents/dog/dtt_shiba2.png",
		"doggytalents:textures/entity/dog/custom/dttex_shiba_inu_3.png" : "sprite:doggytalents/dog/dtt_shiba3.png",
		"doggytalents:textures/entity/dog/custom/dttex_shiba_inu_4.png" : "sprite:doggytalents/dog/dtt_shiba4.png",
		"doggytalents:textures/entity/dog/custom/dttex_sheltie_1.png" : "sprite:doggytalents/dog/dtt_sheltie1.png",
		"doggytalents:textures/entity/dog/custom/dttex_sheltie_2.png" : "sprite:doggytalents/dog/dtt_sheltie2.png",
		"doggytalents:textures/entity/dog/custom/dttex_dalmation_1.png" : "sprite:doggytalents/dog/dtt_dalmation1.png",
		"doggytalents:textures/entity/dog/custom/dttex_dalmation_2.png" : "sprite:doggytalents/dog/dtt_dalmation2.png",
		"doggytalents:textures/entity/dog/custom/dttex_beagle_1.png" : "sprite:doggytalents/dog/dtt_beagle1.png",
		"doggytalents:textures/entity/dog/custom/dttex_collie_1.png" : "sprite:doggytalents/dog/dtt_collie1.png",
		"doggytalents:textures/entity/dog/custom/dttex_collie_2.png" : "sprite:doggytalents/dog/dtt_collie2.png",
		"doggytalents:textures/entity/dog/custom/dttex_husky_1.png" : "sprite:doggytalents/dog/dtt_husky1.png",
		"doggytalents:textures/entity/dog/custom/dttex_husky_2.png" : "sprite:doggytalents/dog/dtt_husky2.png",
		"doggytalents:textures/entity/dog/custom/dttex_husky_3.png" : "sprite:doggytalents/dog/dtt_husky3.png",
		"doggytalents:textures/entity/dog/custom/dttex_husky_4.png" : "sprite:doggytalents/dog/dtt_husky4.png",
		"doggytalents:textures/entity/dog/custom/dttex_husky_5.png" : "sprite:doggytalents/dog/dtt_husky5.png",
		"doggytalents:textures/entity/dog/custom/dttex_rottweiler_1.png" : "sprite:doggytalents/dog/dtt_rottweiler1.png",
		"doggytalents:textures/entity/dog/custom/dttex_rottweiler_2.png" : "sprite:doggytalents/dog/dtt_rottweiler2.png",
		"doggytalents:textures/entity/dog/custom/dttex_dog_1.png" : "sprite:doggytalents/dog/dtt_dog1.png",
		"doggytalents:textures/entity/dog/custom/dttex_dog_2.png" : "sprite:doggytalents/dog/dtt_dog2.png",
		"doggytalents:textures/entity/dog/custom/dttex_dog_3.png" : "sprite:doggytalents/dog/dtt_dog3.png",
		"doggytalents:textures/entity/dog/custom/dttex_dog_4.png" : "sprite:doggytalents/dog/dtt_dog4.png",
		"doggytalents:textures/entity/dog/custom/dttex_dingo_1.png" : "sprite:doggytalents/dog/dtt_dingo1.png",
		"doggytalents:textures/entity/dog/custom/dttex_fox_1.png" : "sprite:doggytalents/dog/dtt_fox1.png",
		"doggytalents:textures/entity/dog/custom/dttex_fox_2.png" : "sprite:doggytalents/dog/dtt_fox2.png",
		"doggytalents:textures/entity/dog/custom/dttex_fox_3.png" : "sprite:doggytalents/dog/dtt_fox3.png",
		"doggytalents:textures/entity/dog/custom/dttex_wolf_1.png" : "sprite:doggytalents/dog/dtt_wolf1.png",
		"doggytalents:textures/entity/dog/custom/dttex_wolf_2.png" : "sprite:doggytalents/dog/dtt_wolf2.png",
		"doggytalents:textures/entity/dog/custom/dttex_wolf_3.png" : "sprite:doggytalents/dog/dtt_wolf3.png",
		"doggytalents:textures/entity/dog/custom/dttex_wolf_4.png" : "sprite:doggytalents/dog/dtt_wolf4.png",
		"doggytalents:textures/entity/dog/custom/dttex_wolf_5.png" : "sprite:doggytalents/dog/dtt_wolf5.png",
		"doggytalents:textures/entity/dog/custom/dttex_wolf_6.png" : "sprite:doggytalents/dog/dtt_wolf6.png",
		"doggytalents:textures/entity/dog/custom/dttex_wolf_7.png" : "sprite:doggytalents/dog/dtt_wolf7.png",
		"doggytalents:textures/entity/dog/custom/dttex_wolf_8.png" : "sprite:doggytalents/dog/dtt_wolf8.png",
		"doggytalents:textures/entity/dog/custom/dttex_wolf_9.png" : "sprite:doggytalents/dog/dtt_wolf9.png",
		"doggytalents:textures/entity/dog/custom/dttex_wolf_10.png" : "sprite:doggytalents/dog/dtt_wolf10.png",
		"doggytalents:textures/entity/dog/custom/dttex_wolf_11.png" : "sprite:doggytalents/dog/dtt_wolf11.png",
		"doggytalents:textures/entity/dog/custom/dttex_wolf_12.png" : "sprite:doggytalents/dog/dtt_wolf12.png",
		"doggytalents:textures/entity/dog/custom/dttex_wolf_13.png" : "sprite:doggytalents/dog/dtt_wolf13.png",
		"doggytalents:textures/entity/dog/custom/dttex_wolf_14.png" : "sprite:doggytalents/dog/dtt_wolf14.png",
		"doggytalents:textures/entity/dog/custom/dttex_wolf_15.png" : "sprite:doggytalents/dog/dtt_wolf15.png",
		"doggytalents:textures/entity/dog/custom/dttex_wolf_16.png" : "sprite:doggytalents/dog/dtt_wolf16.png",
		"doggytalents:textures/entity/dog/custom/dttex_wolf_17.png" : "sprite:doggytalents/dog/dtt_wolf17.png",
		"doggytalents:textures/entity/dog/custom/dttex_wolf_18.png" : "sprite:doggytalents/dog/dtt_wolf18.png",
		"doggytalents:textures/entity/dog/custom/dttex_bone_1.png" : "sprite:doggytalents/dog/dtt_bone1.png",
		"doggytalents:textures/entity/dog/custom/dttex_bone_2.png" : "sprite:doggytalents/dog/dtt_bone2.png",
		"doggytalents:textures/entity/dog/custom/dttex_robo_1.png" : "sprite:doggytalents/dog/dtt_robo1.png",
		"doggytalents:textures/entity/dog/custom/dttex_amaterasu_1.png" : "sprite:doggytalents/dog/dtt_amaterasu1.png",
		"doggytalents:textures/entity/dog/custom/dttex_amaterasu_2.png" : "sprite:doggytalents/dog/dtt_amaterasu2.png",
		"doggytalents:textures/entity/dog/custom/dttex_pokemon_1.png" : "sprite:doggytalents/dog/dtt_pokemon1.png",
		"doggytalents:textures/entity/dog/custom/dttex_pokemon_2.png" : "sprite:doggytalents/dog/dtt_pokemon2.png",
		"doggytalents:textures/entity/dog/custom/dttex_pokemon_3.png" : "sprite:doggytalents/dog/dtt_pokemon3.png",
		"doggytalents:textures/entity/dog/custom/dttex_pokemon_4.png" : "sprite:doggytalents/dog/dtt_pokemon4.png",
		"doggytalents:textures/entity/dog/custom/dttex_arcanine_bw.png" : "sprite:doggytalents/dog/dtt_arcanine_bw.png",

		"default" : "sprite:doggytalents/dog/blank.png"
		,
		"layersAllowed": true
	  }
  }