{
	"credit": "End_Rage waz here",
	"textures": {
		"0": "camera:item/camera",
		"particle": "camera:item/camera"
	},
	"elements": [
		{
			"from": [6.25, 6, 7.75],
			"to": [9.75, 9.5, 8.75],
			"rotation": {"angle": 0, "axis": "y", "origin": [8, 9, 8]},
			"faces": {
				"north": {"uv": [5, 12, 8.5, 15.5], "texture": "#0"},
				"east": {"uv": [8.5, 12, 9.5, 15.5], "texture": "#0"},
				"west": {"uv": [8.5, 12, 9.5, 15.5], "texture": "#0"},
				"up": {"uv": [8.5, 12, 5, 11], "texture": "#0"},
				"down": {"uv": [8.5, 11, 5, 12], "texture": "#0"}
			}
		},
		{
			"from": [6.25, 6, 5.75],
			"to": [9.75, 9.5, 6.75],
			"rotation": {"angle": 0, "axis": "y", "origin": [8, 9, 8]},
			"faces": {
				"north": {"uv": [9.5, 12, 13, 15.5], "texture": "#0"},
				"east": {"uv": [8.5, 10, 12, 11], "rotation": 270, "texture": "#0"},
				"south": {"uv": [5, 12, 8.5, 15.5], "texture": "#0"},
				"west": {"uv": [8.5, 10, 12, 11], "rotation": 90, "texture": "#0"},
				"up": {"uv": [12, 11, 8.5, 10], "texture": "#0"},
				"down": {"uv": [12, 11, 8.5, 12], "texture": "#0"}
			}
		},
		{
			"from": [6.5, 6.25, 6.75],
			"to": [9.5, 9.25, 7.75],
			"rotation": {"angle": 0, "axis": "y", "origin": [8, 9, 8]},
			"faces": {
				"east": {"uv": [8.5, 12, 9.5, 15], "texture": "#0"},
				"west": {"uv": [8.5, 12, 9.5, 15], "texture": "#0"},
				"up": {"uv": [8, 12, 5, 11], "texture": "#0"},
				"down": {"uv": [8, 11, 5, 12], "texture": "#0"}
			}
		},
		{
			"from": [5, 5.25, 8.75],
			"to": [11, 10.25, 11.25],
			"rotation": {"angle": 0, "axis": "y", "origin": [8, 9, 8]},
			"faces": {
				"north": {"uv": [0, 0, 6, 5], "texture": "#0"},
				"east": {"uv": [8.5, 2.5, 6, 7.5], "texture": "#0"},
				"south": {"uv": [0, 5, 6, 10], "texture": "#0"},
				"west": {"uv": [6, 2.5, 8.5, 7.5], "texture": "#0"},
				"up": {"uv": [12, 2.5, 6, 0], "texture": "#0"},
				"down": {"uv": [12, 7.5, 6, 10], "texture": "#0"}
			}
		},
		{
			"from": [5.5, 5.25, 5.25],
			"to": [10.5, 5.75, 8.75],
			"rotation": {"angle": 0, "axis": "y", "origin": [8, 9, 8]},
			"faces": {
				"north": {"uv": [0, 13.5, 5, 14], "texture": "#0"},
				"east": {"uv": [8.5, 10, 5, 10.5], "texture": "#0"},
				"west": {"uv": [5, 10.5, 8.5, 11], "texture": "#0"},
				"up": {"uv": [5, 10, 0, 13.5], "texture": "#0"},
				"down": {"uv": [5, 13.5, 0, 10], "texture": "#0"}
			}
		},
		{
			"from": [6, 5.75, 5.75],
			"to": [6, 8.75, 8.75],
			"rotation": {"angle": 0, "axis": "y", "origin": [8, 9, 8]},
			"faces": {
				"west": {"uv": [8.5, 2.5, 11.5, 5.5], "texture": "#0"}
			}
		},
		{
			"from": [10, 5.75, 5.75],
			"to": [10, 8.75, 8.75],
			"rotation": {"angle": 0, "axis": "y", "origin": [8, 9, 8]},
			"faces": {
				"west": {"uv": [8.5, 2.5, 11.5, 5.5], "texture": "#0"}
			}
		},
		{
			"from": [5.5, 10.25, 9.25],
			"to": [7, 10.75, 10.75],
			"rotation": {"angle": 0, "axis": "y", "origin": [5, 4.25, 8.75]},
			"faces": {
				"north": {"uv": [10, 0.5, 11.5, 1], "texture": "#0"},
				"east": {"uv": [10, 1.5, 11.5, 2], "texture": "#0"},
				"south": {"uv": [10, 1.5, 11.5, 2], "texture": "#0"},
				"west": {"uv": [10, 0.5, 11.5, 1], "texture": "#0"},
				"up": {"uv": [10, 0.5, 11.5, 2], "texture": "#0"},
				"down": {"uv": [10, 0.5, 11.5, 2], "texture": "#0"}
			}
		},
		{
			"from": [9, 10.25, 9.25],
			"to": [10.5, 10.75, 10.75],
			"rotation": {"angle": 0, "axis": "y", "origin": [5, 4.25, 8.75]},
			"faces": {
				"north": {"uv": [10, 0.5, 11.5, 1], "texture": "#0"},
				"east": {"uv": [10, 1.5, 11.5, 2], "texture": "#0"},
				"south": {"uv": [10, 1.5, 11.5, 2], "texture": "#0"},
				"west": {"uv": [10, 0.5, 11.5, 1], "texture": "#0"},
				"up": {"uv": [10, 0.5, 11.5, 2], "texture": "#0"},
				"down": {"uv": [10, 0.5, 11.5, 2], "texture": "#0"}
			}
		}
	],
	"display": {
		"thirdperson_righthand": {
			"translation": [-3.75, -1.75, 0]
		},
		"thirdperson_lefthand": {
			"translation": [-3.75, -1.75, 0]
		},
		"firstperson_righthand": {
			"translation": [1, 4, 1]
		},
		"firstperson_lefthand": {
			"translation": [1, 4, 1]
		},
		"ground": {
			"scale": [0.76914, 0.76914, 0.76914]
		},
		"gui": {
			"rotation": [30, 135, 0],
			"translation": [-0.75, 0, 0],
			"scale": [1.5, 1.5, 1.5]
		},
		"head": {
			"translation": [0, 0, -9.25],
			"scale": [1.5, 1.5, 1.5]
		}
	},
	"groups": [
		{
			"name": "group",
			"origin": [0, 0, 0],
			"color": 0,
			"children": [0, 1, 2, 3, 4, 5, 6]
		},
		7,
		8
	]
}